metric,ebno_db,paper_value,upair_value,paper_over_upair
ber,4.0,0.0080658784136176,0.0059121623635292,1.364285673778885
ber,8.0,0.0,0.0,1.0
bler,4.0,0.0625,0.0625,1.0
bler,8.0,0.0,0.0,1.0
nmse,4.0,0.1561591103672981,0.1182032655924558,1.3211065665961161
nmse,8.0,0.1451845429837703,0.062829315662384,2.3107770863513077
